<?xml version="1.0" encoding="utf-8"?>
<phrases>
  <phrase name="option_group.hmaf_afiliados"
          addon_id="hardMOB/Afiliados"
          language_id="0">
    <phrase_text>Afiliados - Configurações</phrase_text>
  </phrase>

  <phrase name="option.hmaf_enable_affiliates"
          addon_id="hardMOB/Afiliados"
          language_id="0">
    <phrase_text>Ativar módulo de afiliados</phrase_text>
  </phrase>

  <phrase name="option.hmaf_enable_affiliates.explain"
          addon_id="hardMOB/Afiliados"
          language_id="0">
    <phrase_text>Ativa ou desativa o módulo de afiliados do hardMOB.</phrase_text>
  </phrase>
</phrases>