{
  "id": "hardMOB/Afiliados",
  "legacy_addon_id": "hardMOB_afiliados",
  "title": "hardMOB Afiliados",
  "description": "Gestão centralizada de links de afiliados",
  "version_id": 2000217,
  "version_string": "2.2.17",
  "dev": "hardMOB",
  "require": {
    "XF": [2021770, "XenForo 2.2.17+"]
  },
  "autoloader": {
    "hardMOB\\Afiliados\\": ""
  },
  "install_callback_class": "hardMOB\\Afiliados\\Setup",
  "upgrade_callback_class": "hardMOB\\Afiliados\\Setup",
  "uninstall_callback_class": "hardMOB\\Afiliados\\Setup",
  "phrases": ["phrases.xml"],
  "options": ["options.xml"],
  "option_groups": ["option_groups.xml"],
  "option_group_relations": ["option_group_relations.xml"],
  "option": "hmaf_afiliados"
}